Rank,email_id,user_past_purchases,predicted_proba
1,653371,13,0.8905345
2,966800,13,0.8905345
3,366220,15,0.86888766
4,597916,13,0.8647307
5,793233,13,0.8647307
6,353963,13,0.85281855
7,842636,13,0.85281855
8,44373,13,0.85281855
9,673376,13,0.85281855
10,285726,14,0.82291025
